<?xml version="1.0" encoding="UTF-8"?>
<!DOCTYPE mapper
        PUBLIC "-//mybatis.org//DTD Mapper 3.0//EN"
        "http://mybatis.org/dtd/mybatis-3-mapper.dtd">
<mapper namespace="com.kosa.kapple.mapper.MapperBY">

    <!-- 부품 리스트 가져오기 -->
    <select id="getAllComponents" resultType="ResponseComponent2">
		<![CDATA[
        select *
        from component2
        order by compo_no
        ]]>
	</select>

    <!-- 부품 등록 with Select Key -->
    <insert id="saveComponent" >
        <selectKey keyProperty="compo_no" order="BEFORE" resultType="String">
            select 'CPNT' || COMPONENT2_SEQ.nextval from dual
        </selectKey>

        <![CDATA[
			INSERT INTO COMPONENT2 (compo_no, compo_name, unit, detail, sort, sort_detail, created_at)
			VALUES (#{compo_no}, #{compo_name}, #{unit}, #{detail}, #{sort}, #{sort_detail}, sysdate)
		]]>
    </insert>



    <!-- 공급사 파일 등록 -->
    <insert id="saveFile">
        <![CDATA[
        INSERT INTO SUPPL_FILE (UUID, FILE_NAME, PATH, CREATED_AT)
        VALUES (#{uuid}, #{file_name}, #{path}, sysdate)
        ]]>
    </insert>

    <!--  공급사 파일 공급사 번호 업데이트 -->
    <update id="updateFile">
        <![CDATA[
        UPDATE SUPPL_FILE
        SET SUPPL_NO = #{suppl_no}
        WHERE UUID = #{uuid}
        ]]>
    </update>

    <!-- 공급사 로고 등록 -->
    <insert id="saveLogo">
        <![CDATA[
        INSERT INTO SUPPL_LOGO (UUID, FILE_NAME, PATH, CREATED_AT)
        VALUES (#{uuid}, #{logo_name}, #{path}, sysdate)
        ]]>
    </insert>

    <!--  공급사 로고 공급사 번호 업데이트 -->
    <update id="updateLogo">
        <![CDATA[
        UPDATE SUPPL_LOGO
        SET SUPPL_NO = #{suppl_no}
        WHERE UUID = #{uuid}
        ]]>
    </update>

    <!-- 임시 저장 -->
    <insert id="saveDraft">
        <selectKey keyProperty="draft_no" order="BEFORE" resultType="String">
            select DRAFT_SEQ.nextval from dual
        </selectKey>

        <![CDATA[
        INSERT INTO suppl_draft (
            draft_no,
            compo_no, compo_name, price, quantity, defective_rate, quality_grade, prod_period, pp_created_at, pp_updated_at, pp_status,
            suppl_no, suppl_name, business_no, phone_number, business_type, business_item, address, detail, is_contracted, sp_created_at, sp_updated_at,
            representative, company_type, employee_quantity, establishment_date, suppl_level, stock_type, profit, net_profit, debt_ratio, market_cap,
            created_at
        ) VALUES (
            #{draft_no},
            #{compo_no}, #{compo_name}, #{price}, #{quantity}, #{defective_rate}, #{quality_grade}, #{prod_period}, #{pp_created_at}, #{pp_updated_at}, #{pp_status},
            #{suppl_no}, #{suppl_name}, #{business_no}, #{phone_number}, #{business_type}, #{business_item}, #{address}, #{detail}, #{is_contracted}, #{sp_created_at}, #{sp_updated_at},
            #{representative}, #{company_type}, #{employee_quantity}, #{establishment_date}, #{suppl_level}, #{stock_type}, #{profit}, #{net_profit}, #{debt_ratio}, #{market_cap},
            sysdate
        )
        ]]>
    </insert>

    <!-- 임시 저장 리스트 -->
    <select id="getAllDrafts" resultType="ResponseDraft">
		<![CDATA[
        select *
        from suppl_draft
        order by draft_no
        ]]>
	</select>

    <!-- 임시 저장 상세 조회 -->
    <select id="getOneDraft" resultType="ResponseDraft">
		<![CDATA[
        select *
        from suppl_draft
        where draft_no = #{draft_no}
        ]]>
	</select>

    <!-- 임시 저장 삭제 -->
    <delete id="deleteDraft" >
		<![CDATA[
        delete
        from suppl_draft
        where draft_no = #{draft_no}
        ]]>
	</delete>

    <!-- 공급사 리스트 가져오기 -->
    <resultMap id="supplierResultMap" type="ResponseSupplier">
        <id property="suppl_no" column="suppl_no"/>
        <result property="suppl_name" column="suppl_name"/>
        <result property="business_no" column="business_no"/>
        <result property="phone_number" column="phone_number"/>
        <result property="business_type" column="business_type"/>
        <result property="business_item" column="business_item"/>
        <result property="address" column="address"/>
        <result property="detail" column="detail"/>
        <result property="is_contracted" column="is_contracted"/>
        <result property="sp_created_at" column="sp_created_at"/>
        <result property="sp_updated_at" column="sp_updated_at"/>
        <result property="representative" column="representative"/>
        <result property="company_type" column="company_type"/>
        <result property="employee_quantity" column="employee_quantity"/>
        <result property="establishment_date" column="establishment_date"/>
        <result property="suppl_level" column="suppl_level"/>
        <result property="stock_type" column="stock_type"/>
        <result property="profit" column="profit"/>
        <result property="net_profit" column="net_profit"/>
        <result property="debt_ratio" column="debt_ratio"/>
        <result property="market_cap" column="market_cap"/>
        <result property="website" column="website"/>
        <result property="logo_name" column="logo_name"/>

        <!-- ResponseLogo 클래스에 대한 resultMap 포함 -->
        <association property="responseLogo" resultMap="logoResultMap"/>
    </resultMap>

    <resultMap id="logoResultMap" type="ResponseLogo">
        <id property="uuid" column="uuid"/>
        <result property="suppl_no" column="suppl_no"/>
        <result property="logo_name" column="file_name"/>
        <result property="path" column="path"/>
    </resultMap>

    <!-- 조인된 결과를 매핑하는 SQL -->
    <select id="getAllSuppliers2" resultMap="supplierResultMap">
        SELECT
            s."SUPPL_NO", s."SUPPL_NAME", s."BUSINESS_NO", s."PHONE_NUMBER", s."BUSINESS_TYPE",
            s."BUSINESS_ITEM", s."ADDRESS", s."DETAIL", s."IS_CONTRACTED", s."SP_CREATED_AT",
            s."SP_UPDATED_AT", s."REPRESENTATIVE", s."COMPANY_TYPE", s."EMPLOYEE_QUANTITY", s."ESTABLISHMENT_DATE",
            s."SUPPL_LEVEL", s."STOCK_TYPE", s."PROFIT", s."NET_PROFIT", s."DEBT_RATIO",
            s."MARKET_CAP", s."WEBSITE", s."LOGO_NAME",
            l."FILE_NAME", l."UUID", l."PATH"
        FROM
            "SUPPLIER2" s
                LEFT OUTER JOIN
            "SUPPL_LOGO" l
            ON
                s."SUPPL_NO" = l."SUPPL_NO"
    </select>

    <select id="getOneSuppliers2" resultMap="supplierResultMap">
        SELECT
            s."SUPPL_NO", s."SUPPL_NAME", s."BUSINESS_NO", s."PHONE_NUMBER", s."BUSINESS_TYPE",
            s."BUSINESS_ITEM", s."ADDRESS", s."DETAIL", s."IS_CONTRACTED", s."SP_CREATED_AT",
            s."SP_UPDATED_AT", s."REPRESENTATIVE", s."COMPANY_TYPE", s."EMPLOYEE_QUANTITY", s."ESTABLISHMENT_DATE",
            s."SUPPL_LEVEL", s."STOCK_TYPE", s."PROFIT", s."NET_PROFIT", s."DEBT_RATIO",
            s."MARKET_CAP", s."WEBSITE", s."LOGO_NAME",
            l."FILE_NAME", l."UUID", l."PATH"
        FROM
            "SUPPLIER2" s
                LEFT OUTER JOIN
            "SUPPL_LOGO" l
            ON
                s."SUPPL_NO" = l."SUPPL_NO"
        WHERE
            s."SUPPL_NO" = #{suppl_no}
    </select>

    <!-- 제안서 전체 리스트 -->
    <select id="getAllProposal" resultType="ResponseProposal">
		<![CDATA[
        select *
        from proposal2
        where suppl_no = #{suppl_no}
        ]]>
	</select>


</mapper>